변수ID,변수명,주동인,보조동인,역할,유형,예상부호,선행기간,누출위험,변환,수록기간,주기,공표시기,지역범위,출처,통계코드
V009,주민등록 인구,임차수요 압력,,설명변수 후보,Structural/Flow,'+,1~12개월,낮음,"YoY, 3M/12M 변화, 인구·세대 대비",2011.01–2026.08,월,기준월 익월 1일 전후,17개 시도·서울 25개 구,행정안전부,주민등록인구통계
V010,주민등록 세대수,임차수요 압력,,설명변수 후보,Structural/Flow,'+,1~12개월,낮음,"YoY, 3M/12M 변화, 인구·세대 대비",2011.01–2026.08,월,기준월 익월 1일 전후,17개 시도·서울 25개 구,행정안전부,주민등록인구통계
V011,20–29세·30–39세 인구,임차수요 압력,,설명변수 후보,Structural/Flow,'+,1~12개월,낮음,"YoY, 3M/12M 변화, 인구·세대 대비",2011.01–2026.08,월,기준월 익월 1일 전후,17개 시도·서울 25개 구,행정안전부,연령별인구현황
V012,순이동자수,임차수요 압력,,설명변수 후보,Structural/Flow,'+,1~12개월,낮음,"YoY, 3M/12M 변화, 인구·세대 대비",2011.01–2026.07,월,통상 익월 말 전후,17개 시도·서울 25개 구,KOSIS 국내인구이동통계,101/DT_1B26001_A01
V013,고용률·취업자,임차수요 압력,,설명변수 후보,Structural/Flow,'+,1~12개월,낮음,"YoY, 3M/12M 변화, 인구·세대 대비",시도 2011.01~ / 구 2021H1~,월/반기,"시도 월별: 익월 중순 / 서울 구 반기: 4월조사→8월, 10월조사→익년 2월",시도 월별·서울 구 반기,KOSIS 경제활동인구조사·지역별고용조사,DT_1DA7004S / DT_1ES3A01S
V015,1인당 GRDP,임차수요 압력,,설명변수 후보,Structural/Flow,'+,1~12개월,낮음,"YoY, 3M/12M 변화, 인구·세대 대비",2011–2024 연간,년,연간 공표; 공표시차가 길어 available_date 별도 관리,17개 시도,KOSIS 지역소득,101/DT_1C96
V017,1인당 가계총처분가능소득,임차수요 압력,,설명변수 후보,Structural/Flow,'+,1~12개월,낮음,"YoY, 3M/12M 변화, 인구·세대 대비",2011–2024 연간,년,연간 공표; 공표시차가 길어 available_date 별도 관리,17개 시도,KOSIS 지역소득,101/DT_1C96
V021,아파트 인허가 호수,주택공급·재고 여건,,설명변수 후보,Structural/Flow,'-,3~36개월,낮음,"인구·세대 대비, 3M/12M 누적, 추세 대비 gap",2011.01–2026.07,월,기준월 익월 말 전후,17개 시도,KOSIS 주택건설실적통계,116/DT_MLTM_1948
V022,아파트 착공 호수,주택공급·재고 여건,,설명변수 후보,Structural/Flow,'-,3~36개월,낮음,"인구·세대 대비, 3M/12M 누적, 추세 대비 gap",2011.01–2026.07,월,기준월 익월 말 전후,17개 시도,KOSIS 주택건설실적통계,116/DT_MLTM_5387
V023,아파트 준공 호수,주택공급·재고 여건,,설명변수 후보,Structural/Flow,'-,3~36개월,낮음,"인구·세대 대비, 3M/12M 누적, 추세 대비 gap",2011.01–2026.07,월,기준월 익월 말 전후,17개 시도,KOSIS 주택건설실적통계,116/DT_MLTM_5373
V024,서울 구 주거용 신축허가,주택공급·재고 여건,,설명변수 후보,Structural/Flow,'-,3~36개월,낮음,"인구·세대 대비, 3M/12M 누적, 추세 대비 gap",2011–2024 연간,년,연간 공표; 실제 공표일 별도 확인,서울 25개 구,KOSIS 서울통계,201/DT_201004_O090005
V038,미분양주택현황,주택공급·재고 여건,,설명변수 후보,Structural/Flow,±,3~36개월,낮음,"인구·세대 대비, 3M/12M 누적, 추세 대비 gap",2007-01 ~ 2026-07,월간,국토교통부 월간 주택통계로 기준월 익월 말(최근 2026-07분 8/31 06:00) 공표.,17개 시도 + 서울 25개 자치구(서울시 합계 포함). 세종은 2012-07부터.,국토교통부/공공데이터포털,
V072,서울시 및 구별 가구 및 주택 수,주택공급·재고 여건,임차수요 압력,설명변수 후보,Structural,±,구조적,낮음,"주택수/가구수, 가구증가율, 재고증가율",2015-12,연간,익년 8월,서울시 및 25개 자치구,KOSIS/해당 작성기관,
V076,임대주택공급현황,주택공급·재고 여건,,설명변수 후보,Structural/Flow,'-,3~36개월,낮음,"인구·세대 대비, 3M/12M 누적, 추세 대비 gap",2020~2024,연간,익년 10월,지역단위 원표 확인 필요,국토교통부/KOSIS,
V077,임대주택건설공급현황,주택공급·재고 여건,,설명변수 후보,Structural/Flow,'-,3~36개월,낮음,"인구·세대 대비, 3M/12M 누적, 추세 대비 gap",2012~2019,연간,익년 10월,지역단위 원표 확인 필요,국토교통부/KOSIS,
V002,아파트 매매가격지수,금융여건·상대가격,,설명변수 후보,Financial/Relative Price,±,0~12개월,낮음,"Level, 3M/12M 변화, spread/ratio",2011.01–2026.08,월,기준월 익월 15일 전후,17개 시도·서울 25개 구,한국부동산원 R-ONE,A_2024_00045
V003,아파트 전세가율,금융여건·상대가격,,설명변수 후보,Financial/Relative Price,±,0~12개월,낮음,"Level, 3M/12M 변화, spread/ratio",2012.01–2026.08,월,월간 공표; 실제 공표일 별도 관리 권장,17개 시도·서울 25개 구,한국부동산원 R-ONE,A_2024_00072
V004,아파트 전월세전환율,금융여건·상대가격,임대시장 수급·전환 구조,설명변수 후보,Financial/Relative Price,±,0~12개월,낮음,"Level, 3M/12M 변화, spread/ratio",2011.01–2026.07,월,통상 익익월 15일(가격지수보다 1개월 추가 시차),17개 시도·서울 25개 구,한국부동산원 R-ONE,A_2024_00156
V007,아파트 매매 실거래 원본,금융여건·상대가격,시장과열·단기 트리거,설명변수 후보,Financial/Relative Price,±,0~12개월,낮음,"Level, 3M/12M 변화, spread/ratio",2011.01–2026.08,건,API/신고자료 수시 갱신; 월 집계 시 신고·정정 시차 고려,서울 25개 구,국토교통부,RTMSDataSvcAptTrade
V026,아파트 전세가격지수,금융여건·상대가격,,설명변수 후보,Financial/Relative Price,'+,0~12개월,낮음,"Level, 3M/12M 변화, spread/ratio",2003-11 ~ 2026-08,월간,기준월 익월 15일(휴일이면 다음날),17개 시도 + 서울 25개 자치구(서울시 합계 포함). 세종은 후발 편입.,한국부동산원,
V031,아파트 매매수급동향지수,금융여건·상대가격,시장과열·단기 트리거,설명변수 후보,Market Signal,'+,0~6개월,낮음,"100 대비 gap, 3M 변화, z-score",2012-07 ~ 2026-08,월간,기준월 익월 15일(전국주택가격동향조사와 함께 공표),17개 시도(서울 포함) 시도단위만. 서울 자치구 없음. 세종은 2012-12부터.,한국부동산원,
V036,"행정구역별 아파트 매매거래현황(동·호수, 면적)",금융여건·상대가격,시장과열·단기 트리거,설명변수 후보,Financial/Relative Price,±,0~12개월,낮음,"Level, 3M/12M 변화, spread/ratio",2006-01 ~ 2026-07,월간,주택 거래통계는 기준월 익월 말일경 공표.,현재 수집본: 15개 시도 + 서울 25개 자치구. 광주·전남이 통째로 누락. 서울시 합계 포함.,한국부동산원,
V050,지역별 주택관련대출(예금은행),금융여건·상대가격,거시경기·금융시장 여건,설명변수 후보,Housing Finance,±,0~12개월,낮음,"Level, 3M/12M 변화, spread/ratio",2006-12 ~ 2026-06,월간,통상 기준월 후 약 2개월 시차로 지역금융통계/ECOS에 반영(지역별 세부 일정 차이 가능).,17개 시도(서울 포함) 시도단위만. 서울 자치구 없음. 세종은 2012-09부터.,한국은행,
V056,은행대출금리_주택담보대출(신규취급액),금융여건·상대가격,,설명변수 후보,Financial/Relative Price,±,0~12개월,낮음,"Level, 3M/12M 변화, spread/ratio",2001-09,월,익월 말,전국 단일값 또는 전국 표본(공통 거시변수),한국은행,
V057,은행대출금리_전세자금(신규취급액),금융여건·상대가격,,설명변수 후보,Financial/Relative Price,±,0~12개월,낮음,"Level, 3M/12M 변화, spread/ratio",2015-01,월,익월 말,전국 단일값 또는 전국 표본(공통 거시변수),한국은행,
V059,비은행대출금리_주택담보대출,금융여건·상대가격,,설명변수 후보,Financial/Relative Price,±,0~12개월,낮음,"Level, 3M/12M 변화, spread/ratio",2014-01,월,익월 말,전국 단일값 또는 전국 표본(공통 거시변수),한국은행,BEDBMC41
V060,대출행태서베이(대출태도)_은행_가계(주택),금융여건·상대가격,,설명변수 후보,Financial/Relative Price,±,0~12개월,낮음,"Level, 3M/12M 변화, spread/ratio",2002-09,분기,분기 첫 월,전국 단일값 또는 전국 표본(공통 거시변수),한국은행,
V069,예금취급기관 가계대출(용도별) 전체대출/주택관련대출,금융여건·상대가격,,설명변수 후보,Financial/Relative Price,±,0~12개월,낮음,"Level, 3M/12M 변화, spread/ratio",,월,익익월,전국 또는 시도단위 여부 원표 확인 필요,KOSIS/해당 작성기관,
V071,주택금융공사 및 주택도시기금의 정책대출,금융여건·상대가격,,설명변수 후보,Financial/Relative Price,±,0~12개월,낮음,"Level, 3M/12M 변화, spread/ratio",2015-07,월,익익월,전국 또는 시도단위 여부 원표 확인 필요,KOSIS/해당 작성기관,
V005,아파트 월세 수급동향,임대시장 수급·전환 구조,,설명변수 후보,Market Structure/Flow,'+,0~6개월,낮음,"월세비중, 전세→월세 전환, 거래량/구성 변화, 3M 변화",2015.07–2026.08,월,기준월 익월 15일 전후,17개 시도,한국부동산원 R-ONE,A_2024_00078
V006,아파트 전월세 실거래 원본,임대시장 수급·전환 구조,,설명변수 후보,Market Structure/Flow,'+,0~6개월,낮음,"월세비중, 전세→월세 전환, 거래량/구성 변화, 3M 변화",2011.01–2026.08,건,API 일 1회 갱신; 계약 신고는 체결 후 30일 이내,서울 25개 구,국토교통부,RTMSDataSvcAptRent
V032,아파트 전세수급동향지수,임대시장 수급·전환 구조,,설명변수 후보,Market Structure/Flow,'+,0~6개월,낮음,"월세비중, 전세→월세 전환, 거래량/구성 변화, 3M 변화",2012-07 ~ 2026-08,월간,기준월 익월 15일(전국주택가격동향조사와 함께 공표),17개 시도(서울 포함) 시도단위만. 서울 자치구 없음. 세종은 2012-12부터.,한국부동산원,
V033,아파트 월세수급동향지수,임대시장 수급·전환 구조,,설명변수 후보,Market Structure/Flow,'+,0~6개월,낮음,"월세비중, 전세→월세 전환, 거래량/구성 변화, 3M 변화",2015-07 ~ 2026-08,월간,기준월 익월 15일(전국주택가격동향조사와 함께 공표),17개 시도(서울 포함) 시도단위만. 서울 자치구 없음.,한국부동산원,
V034,구(舊) 수급동향 통합지수,임대시장 수급·전환 구조,,설명변수 후보,Market Structure/Flow,'+,0~6개월,낮음,"월세비중, 전세→월세 전환, 거래량/구성 변화, 3M 변화",2010-06 ~ 2015-06,월간(중지통계),현재 신규 공표 없음. 2015년 7월 월세가격동향조사가 전국주택가격동향조사에 통합되며 중지.,8개 지역만: 서울·인천·경기·부산·대구·광주·대전·울산. 서울 자치구 없음.,한국부동산원,
V035,"행정구역별 아파트 거래현황(동·호수, 면적)",임대시장 수급·전환 구조,시장과열·단기 트리거,설명변수 후보,Market Structure/Flow,'+,0~6개월,낮음,"월세비중, 전세→월세 전환, 거래량/구성 변화, 3M 변화",2006-01 ~ 2026-07,월간,주택 거래통계는 기준월 익월 말일경 공표.,현재 수집본: 15개 시도 + 서울 25개 자치구. 광주·전남이 통째로 누락. 서울시 합계 포함.,한국부동산원,
V001,아파트 월세통합가격지수,시장과열·단기 트리거,,종속변수 후보 / 시차 사용 시 설명변수,Market Signal,'+,0~3개월(시차 사용 시),높음,"1M/3M/6M 변동률, z-score, 급등더미",2015.06–2026.08,월,기준월 익월 15일 전후,17개 시도·서울 25개 구,한국부동산원 R-ONE,A_2024_00054
V037,주택시장 소비심리지수,시장과열·단기 트리거,거시경기·금융시장 여건,설명변수 후보,Market Signal,'+,0~6개월,중간,"Level, 3M 변화, z-score",2011-07 ~ 2026-07,월간,"익월 중순. 최근 예: 2026-07분 8/18, 2026-08분 9/16 공표.",17개 시도(서울 포함) 시도단위만. 서울 자치구 없음. 세종·제주는 2018-12부터.,국토연구원,
V061,소비자동향조사_주택가격전망CSI_서울,시장과열·단기 트리거,거시경기·금융시장 여건,설명변수 후보,Market Signal,'+,0~6개월,중간,"Level, 3M 변화, z-score",2013-01,월,월말,서울 권역,한국은행,
V062,소비자동향조사_주택가격전망CSI_6대광역시,시장과열·단기 트리거,거시경기·금융시장 여건,설명변수 후보,Market Signal,'+,0~6개월,중간,"Level, 3M 변화, z-score",2013-01,월,월말,6대 광역시 권역,한국은행,
V063,소비자동향조사_주택가격전망CSI_기타도시,시장과열·단기 트리거,거시경기·금융시장 여건,설명변수 후보,Market Signal,'+,0~6개월,중간,"Level, 3M 변화, z-score",2013-01,월,월말,기타 도시 권역,한국은행,
V043,한국은행 기준금리,거시경기·금융시장 여건,,설명변수 후보,Common Macro State,±,0~12개월,낮음,"Level, 3M/12M 변화, z-score",1999-05 ~ 2026-08,정책결정 시 수시 / 현재 파일 월간,금융통화위원회 통화정책방향 결정일 당일 즉시 공표.,전국 단일값.,한국은행,
V044,CD(91일) 시장금리,거시경기·금융시장 여건,,설명변수 후보,Common Macro State,±,0~12개월,낮음,"Level, 3M/12M 변화, z-score",1991-03 ~ 2026-08,일별 원자료 / 현재 파일 월간,시장금리는 일별 관측 가능. 현재 월평균 시계열은 해당 월 종료 후 확정적으로 사용 가능.,전국 단일값.,한국은행,
V045,국고채 3년 시장금리,거시경기·금융시장 여건,,설명변수 후보,Common Macro State,±,0~12개월,낮음,"Level, 3M/12M 변화, z-score",1995-05 ~ 2026-08,일별 원자료 / 현재 파일 월간,시장금리는 일별 관측 가능. 현재 월평균 시계열은 해당 월 종료 후 확정적으로 사용 가능.,전국 단일값.,한국은행,
V046,"M2 통화량(평잔, 원계열)",거시경기·금융시장 여건,,설명변수 후보,Common Macro State,±,0~12개월,낮음,"Level, 3M/12M 변화, z-score",2003-10 ~ 2026-07,월간,"약 1.5개월 후, 통상 익익월 중순. 예: 2026-07분은 9/15 12:00 공표.",전국 단일값.,한국은행,
V047,가계신용 총액,거시경기·금융시장 여건,,설명변수 후보,Common Macro State,±,0~12개월,낮음,"Level, 3M/12M 변화, z-score",2002-10 ~ 2026-04,분기,분기 종료 후 약 1.5개월. 예: 2026년 2분기 8/19 12:00 공표.,전국 단일값.,한국은행,
V048,소비자물가지수 총지수,거시경기·금융시장 여건,,설명변수 후보,Common Macro State,±,0~12개월,낮음,"Level, 3M/12M 변화, z-score",1990-01 ~ 2026-08,월간,익월 초(통상 첫 주 08:00). 예: 2026-07분은 8/4 공표.,전국 단일값.,,
V049,시간당 명목임금지수(비농전산업),거시경기·금융시장 여건,,설명변수 후보,Common Macro State,±,0~12개월,낮음,"Level, 3M/12M 변화, z-score",2011-01 ~ 2026-01,분기,원출처(한국생산성본부) 공표 후 ECOS 반영. 고정 공표일은 현재 확인자료로 특정하지 않음.,전국 단일값.,한국은행,
V064,KOSPI_종가,거시경기·금융시장 여건,,설명변수 후보,Common Macro State,±,0~12개월,낮음,"Level, 3M/12M 변화, z-score",2000-02,월,즉시,전국 단일값 또는 전국 표본(공통 거시변수),한국은행,
V066,사업체노동력조사 - 산업/규모별 임금 및 근로시간,거시경기·금융시장 여건,,설명변수 후보,Common Macro State,±,0~12개월,낮음,"Level, 3M/12M 변화, z-score",,월,3개월 후,전국 단일값 또는 전국 표본(공통 거시변수),한국은행,
V067,선행지수 순환변동치,거시경기·금융시장 여건,,설명변수 후보,Common Macro State,±,0~12개월,낮음,"Level, 3M/12M 변화, z-score",1970-01,월,익월 말,전국 단일값 또는 전국 표본(공통 거시변수),KOSIS/해당 작성기관,
V070,수출입 동향 - 수출,거시경기·금융시장 여건,,설명변수 후보,Common Macro State,±,0~12개월,낮음,"Level, 3M/12M 변화, z-score",,월,익월 초,전국 단일값 또는 전국 표본(공통 거시변수),e-나라지표/관계부처,
V074,"가구당 월평균 가계수지 (도시, 2인인상) (명목) - 소득",거시경기·금융시장 여건,임차수요 압력,설명변수 후보,Common Macro State,±,0~12개월,낮음,"Level, 3M/12M 변화, z-score",1990-01,분기,익익월말,전국 단일값 또는 전국 표본(공통 거시변수),KOSIS/해당 작성기관,
